<?xml version="1.0" encoding="UTF-8"?>
<project-private xmlns="http://www.netbeans.org/ns/project-private/1">
    <editor-bookmarks xmlns="http://www.netbeans.org/ns/editor-bookmarks/2" lastBookmarkId="0"/>
    <open-files xmlns="http://www.netbeans.org/ns/projectui-open-files/2">
        <group>
            <file>file:/D:/pdoo/2020-2021/EjemplosTema7/src/ejemplodcomunicacion/Vuelo.java</file>
            <file>file:/D:/pdoo/2020-2021/EjemplosTema7/src/ejemplodsecuencia/PlazaReservada.java</file>
            <file>file:/D:/pdoo/2020-2021/EjemplosTema7/src/ejemplodcomunicacion/Viaje.java</file>
            <file>file:/D:/pdoo/2020-2021/EjemplosTema7/src/ejemplodcomunicacion/Pasajero.java</file>
            <file>file:/D:/pdoo/2020-2021/EjemplosTema7/src/ejemplodcomunicacion/Pasaporte.java</file>
            <file>file:/D:/pdoo/2020-2021/EjemplosTema7/src/ejemplodcomunicacion/Avion.java</file>
            <file>file:/D:/pdoo/2020-2021/EjemplosTema7/src/ejemplodsecuencia/Sala.java</file>
            <file>file:/D:/pdoo/2020-2021/EjemplosTema7/src/ejemplodsecuencia/OrganizadoraConciertosBeneficos.java</file>
            <file>file:/D:/pdoo/2020-2021/EjemplosTema7/src/ejemplodcomunicacion/Asiento.java</file>
        </group>
    </open-files>
</project-private>
