<?xml version="1.0" encoding="UTF-8"?>
<project-private xmlns="http://www.netbeans.org/ns/project-private/1">
    <editor-bookmarks xmlns="http://www.netbeans.org/ns/editor-bookmarks/2" lastBookmarkId="0"/>
    <open-files xmlns="http://www.netbeans.org/ns/projectui-open-files/2">
        <group>
            <file>file:/E:/pdoo/2020-2021/ejemplos-para-teoria/tema1_objetos/Peluqueria/src/basico/Persona.java</file>
            <file>file:/E:/pdoo/2020-2021/ejemplos-para-teoria/tema1_objetos/Peluqueria/src/otroPaquete/PruebaPeluqueria2.java</file>
            <file>file:/E:/pdoo/2020-2021/ejemplos-para-teoria/tema1_objetos/Peluqueria/src/basico/PruebaPeluqueria.java</file>
            <file>file:/E:/pdoo/2020-2021/ejemplos-para-teoria/tema1_objetos/Peluqueria/src/basico/Peluqueria.java</file>
        </group>
    </open-files>
</project-private>
